arvore;matgen;dap;ht;hi;disc
1;AEC 0144;18,39;28,1;0,2;19,76
1;AEC 0144;18,39;28,1;0,7;18,11
1;AEC 0144;18,39;28,1;1,3;17,56
1;AEC 0144;18,39;28,1;2;17,63
1;AEC 0144;18,39;28,1;3;17,16
1;AEC 0144;18,39;28,1;4;16,49
1;AEC 0144;18,39;28,1;5;16,23
1;AEC 0144;18,39;28,1;6;15,55
1;AEC 0144;18,39;28,1;7;15,47
1;AEC 0144;18,39;28,1;8;14,74
1;AEC 0144;18,39;28,1;9;14,54
1;AEC 0144;18,39;28,1;10;14,19
1;AEC 0144;18,39;28,1;11;13,64
1;AEC 0144;18,39;28,1;13;12,77
1;AEC 0144;18,39;28,1;14;12,07
1;AEC 0144;18,39;28,1;15;11,46
1;AEC 0144;18,39;28,1;16;10,75
1;AEC 0144;18,39;28,1;17;10,3
1;AEC 0144;18,39;28,1;18;9,86
1;AEC 0144;18,39;28,1;19;9,22
1;AEC 0144;18,39;28,1;20;8,26
1;AEC 0144;18,39;28,1;22;7,76
1;AEC 0144;18,39;28,1;23;6,28
1;AEC 0144;18,39;28,1;25;5,01
2;AEC 0144;21,11;28,1;0,2;21,84
2;AEC 0144;21,11;28,1;0,7;19,75
2;AEC 0144;21,11;28,1;1,3;19,82
2;AEC 0144;21,11;28,1;2;19,54
2;AEC 0144;21,11;28,1;3;18,41
2;AEC 0144;21,11;28,1;4;18,02
2;AEC 0144;21,11;28,1;5;17,36
2;AEC 0144;21,11;28,1;6;17,47
2;AEC 0144;21,11;28,1;7;16,93
2;AEC 0144;21,11;28,1;8;16,37
2;AEC 0144;21,11;28,1;9;16,12
2;AEC 0144;21,11;28,1;10;15,47
2;AEC 0144;21,11;28,1;11;15,01
2;AEC 0144;21,11;28,1;12;14,51
2;AEC 0144;21,11;28,1;13;13,76
2;AEC 0144;21,11;28,1;14;13,33
2;AEC 0144;21,11;28,1;15;12,44
2;AEC 0144;21,11;28,1;16;12,05
2;AEC 0144;21,11;28,1;17;11,27
2;AEC 0144;21,11;28,1;18;10,88
2;AEC 0144;21,11;28,1;19;9,54
2;AEC 0144;21,11;28,1;20;8,78
2;AEC 0144;21,11;28,1;21;8,41
2;AEC 0144;21,11;28,1;22;7,52
2;AEC 0144;21,11;28,1;23;7,19
2;AEC 0144;21,11;28,1;24;6,09
2;AEC 0144;21,11;28,1;25;4,84
3;AEC 0144;15,76;26,2;0,2;16,36
3;AEC 0144;15,76;26,2;0,7;15,43
3;AEC 0144;15,76;26,2;1,3;14,98
3;AEC 0144;15,76;26,2;2;14,85
3;AEC 0144;15,76;26,2;3;14,5
3;AEC 0144;15,76;26,2;4;14,09
3;AEC 0144;15,76;26,2;5;14,13
3;AEC 0144;15,76;26,2;6;13,37
3;AEC 0144;15,76;26,2;7;13
3;AEC 0144;15,76;26,2;8;12,53
3;AEC 0144;15,76;26,2;9;12,18
3;AEC 0144;15,76;26,2;10;11,67
3;AEC 0144;15,76;26,2;11;11,21
3;AEC 0144;15,76;26,2;12;11
3;AEC 0144;15,76;26,2;13;10,27
3;AEC 0144;15,76;26,2;14;9,57
3;AEC 0144;15,76;26,2;15;9,11
3;AEC 0144;15,76;26,2;16;8,73
3;AEC 0144;15,76;26,2;17;7,9
3;AEC 0144;15,76;26,2;18;7,44
3;AEC 0144;15,76;26,2;21;6,19
3;AEC 0144;15,76;26,2;22;4,65
4;AEC 0144;18,08;27,9;0,2;19,78
4;AEC 0144;18,08;27,9;0,7;17,83
4;AEC 0144;18,08;27,9;1,3;17,01
4;AEC 0144;18,08;27,9;2;16,98
4;AEC 0144;18,08;27,9;3;16,61
4;AEC 0144;18,08;27,9;4;16,57
4;AEC 0144;18,08;27,9;5;15,9
4;AEC 0144;18,08;27,9;6;15,57
4;AEC 0144;18,08;27,9;8;14,75
4;AEC 0144;18,08;27,9;9;14,43
4;AEC 0144;18,08;27,9;10;13,51
4;AEC 0144;18,08;27,9;11;13,1
4;AEC 0144;18,08;27,9;13;12,81
4;AEC 0144;18,08;27,9;14;12,2
4;AEC 0144;18,08;27,9;15;11,71
4;AEC 0144;18,08;27,9;16;10,91
4;AEC 0144;18,08;27,9;17;10,68
4;AEC 0144;18,08;27,9;18;9,9
4;AEC 0144;18,08;27,9;19;9,33
4;AEC 0144;18,08;27,9;20;8,36
4;AEC 0144;18,08;27,9;21;7,96
4;AEC 0144;18,08;27,9;22;7,46
4;AEC 0144;18,08;27,9;23;6,28
4;AEC 0144;18,08;27,9;24;4,77
5;AEC 0144;19,32;27,3;0,2;19,44
5;AEC 0144;19,32;27,3;0,7;18,46
5;AEC 0144;19,32;27,3;1,3;18
5;AEC 0144;19,32;27,3;2;17,5
5;AEC 0144;19,32;27,3;3;17,64
5;AEC 0144;19,32;27,3;4;16,89
5;AEC 0144;19,32;27,3;5;16,6
5;AEC 0144;19,32;27,3;6;16,08
5;AEC 0144;19,32;27,3;7;15,93
5;AEC 0144;19,32;27,3;8;15,36
5;AEC 0144;19,32;27,3;9;14,79
5;AEC 0144;19,32;27,3;10;14,47
5;AEC 0144;19,32;27,3;11;13,74
5;AEC 0144;19,32;27,3;12;13,16
5;AEC 0144;19,32;27,3;13;12,6
5;AEC 0144;19,32;27,3;14;11,84
5;AEC 0144;19,32;27,3;15;11,22
5;AEC 0144;19,32;27,3;16;10,68
5;AEC 0144;19,32;27,3;17;10,17
5;AEC 0144;19,32;27,3;18;9,29
5;AEC 0144;19,32;27,3;19;8,34
5;AEC 0144;19,32;27,3;20;7,77
5;AEC 0144;19,32;27,3;21;7,07
5;AEC 0144;19,32;27,3;24;4,4
6;AEC 0144;15,57;25,6;0,2;15,83
6;AEC 0144;15,57;25,6;0,7;14,57
6;AEC 0144;15,57;25,6;1,3;14,22
6;AEC 0144;15,57;25,6;2;13,9
6;AEC 0144;15,57;25,6;3;13,58
6;AEC 0144;15,57;25,6;4;13,26
6;AEC 0144;15,57;25,6;5;12,78
6;AEC 0144;15,57;25,6;6;12,31
6;AEC 0144;15,57;25,6;7;11,99
6;AEC 0144;15,57;25,6;8;11,57
6;AEC 0144;15,57;25,6;9;11,13
6;AEC 0144;15,57;25,6;10;10,8
6;AEC 0144;15,57;25,6;11;10,41
6;AEC 0144;15,57;25,6;13;9,2
6;AEC 0144;15,57;25,6;15;7,87
6;AEC 0144;15,57;25,6;16;7,55
6;AEC 0144;15,57;25,6;22;3,74
7;AEC 0144;13,63;24,5;0,2;14,91
7;AEC 0144;13,63;24,5;0,7;12,97
7;AEC 0144;13,63;24,5;1,3;12,73
7;AEC 0144;13,63;24,5;2;12,23
7;AEC 0144;13,63;24,5;3;12,12
7;AEC 0144;13,63;24,5;4;11,73
7;AEC 0144;13,63;24,5;5;11,5
7;AEC 0144;13,63;24,5;6;11,11
7;AEC 0144;13,63;24,5;7;10,7
7;AEC 0144;13,63;24,5;8;10,48
7;AEC 0144;13,63;24,5;9;10,3
7;AEC 0144;13,63;24,5;10;9,73
7;AEC 0144;13,63;24,5;11;9,39
7;AEC 0144;13,63;24,5;12;8,93
7;AEC 0144;13,63;24,5;13;8,43
7;AEC 0144;13,63;24,5;14;7,89
7;AEC 0144;13,63;24,5;15;7,42
7;AEC 0144;13,63;24,5;16;6,83
7;AEC 0144;13,63;24,5;22;3,08
8;AEC 0144;17,12;26,6;0,2;17,55
8;AEC 0144;17,12;26,6;0,7;16,88
8;AEC 0144;17,12;26,6;1,3;16,08
8;AEC 0144;17,12;26,6;2;15,95
8;AEC 0144;17,12;26,6;3;15,62
8;AEC 0144;17,12;26,6;4;15,09
8;AEC 0144;17,12;26,6;5;14,87
8;AEC 0144;17,12;26,6;6;14,66
8;AEC 0144;17,12;26,6;7;14,07
8;AEC 0144;17,12;26,6;8;13,74
8;AEC 0144;17,12;26,6;9;13,15
8;AEC 0144;17,12;26,6;10;12,96
8;AEC 0144;17,12;26,6;12;11,93
8;AEC 0144;17,12;26,6;13;11,55
8;AEC 0144;17,12;26,6;14;10,82
8;AEC 0144;17,12;26,6;15;10,4
8;AEC 0144;17,12;26,6;16;9,9
8;AEC 0144;17,12;26,6;17;9,23
8;AEC 0144;17,12;26,6;18;6,67
8;AEC 0144;17,12;26,6;19;7,76
8;AEC 0144;17,12;26,6;22;5,09
9;AEC 0144;17,42;26,9;0,2;18,13
9;AEC 0144;17,42;26,9;0,7;17,32
9;AEC 0144;17,42;26,9;1,3;16,46
9;AEC 0144;17,42;26,9;2;16,57
9;AEC 0144;17,42;26,9;3;15,95
9;AEC 0144;17,42;26,9;4;15,42
9;AEC 0144;17,42;26,9;5;14,94
9;AEC 0144;17,42;26,9;6;14,9
9;AEC 0144;17,42;26,9;7;14,05
9;AEC 0144;17,42;26,9;8;13,98
9;AEC 0144;17,42;26,9;9;13,33
9;AEC 0144;17,42;26,9;10;13,03
9;AEC 0144;17,42;26,9;11;12,47
9;AEC 0144;17,42;26,9;12;12,16
9;AEC 0144;17,42;26,9;13;12,16
9;AEC 0144;17,42;26,9;14;11,52
9;AEC 0144;17,42;26,9;15;11,36
9;AEC 0144;17,42;26,9;16;10,37
9;AEC 0144;17,42;26,9;17;9,3
9;AEC 0144;17,42;26,9;19;7,86
9;AEC 0144;17,42;26,9;20;7,85
9;AEC 0144;17,42;26,9;24;4,63
11;AEC 0144;15,33;26,5;0,2;14,95
11;AEC 0144;15,33;26,5;0,7;14,44
11;AEC 0144;15,33;26,5;1,3;14,02
11;AEC 0144;15,33;26,5;2;13,47
11;AEC 0144;15,33;26,5;3;13,18
11;AEC 0144;15,33;26,5;4;13,09
11;AEC 0144;15,33;26,5;5;12,5
11;AEC 0144;15,33;26,5;6;12,35
11;AEC 0144;15,33;26,5;7;11,83
11;AEC 0144;15,33;26,5;8;11,47
11;AEC 0144;15,33;26,5;9;10,93
11;AEC 0144;15,33;26,5;10;10,76
11;AEC 0144;15,33;26,5;11;10,26
11;AEC 0144;15,33;26,5;12;9,88
11;AEC 0144;15,33;26,5;13;9,54
11;AEC 0144;15,33;26,5;14;9,08
11;AEC 0144;15,33;26,5;15;8,62
11;AEC 0144;15,33;26,5;16;7,87
11;AEC 0144;15,33;26,5;17;7,22
11;AEC 0144;15,33;26,5;20;5,08
12;AEC 0144;12,57;23;0,2;12,96
12;AEC 0144;12,57;23;0,7;12,5
12;AEC 0144;12,57;23;1,3;11,83
12;AEC 0144;12,57;23;2;11,42
12;AEC 0144;12,57;23;3;11,2
12;AEC 0144;12,57;23;4;10,91
12;AEC 0144;12,57;23;5;10,89
12;AEC 0144;12,57;23;6;10,52
12;AEC 0144;12,57;23;7;10,15
12;AEC 0144;12,57;23;8;9,73
12;AEC 0144;12,57;23;9;9,34
12;AEC 0144;12,57;23;10;9,1
12;AEC 0144;12,57;23;11;8,62
12;AEC 0144;12,57;23;12;8,29
12;AEC 0144;12,57;23;13;7,74
12;AEC 0144;12,57;23;14;7,4
12;AEC 0144;12,57;23;15;6,81
12;AEC 0144;12,57;23;18;3,73
13;AEC 0144;22;27,7;0,2;22,39
13;AEC 0144;22;27,7;0,7;20,6
13;AEC 0144;22;27,7;1,3;20,6
13;AEC 0144;22;27,7;4;19,66
13;AEC 0144;22;27,7;5;18,53
13;AEC 0144;22;27,7;6;18,15
13;AEC 0144;22;27,7;7;17,69
13;AEC 0144;22;27,7;8;17,01
13;AEC 0144;22;27,7;9;17,01
13;AEC 0144;22;27,7;10;16,1
13;AEC 0144;22;27,7;11;15,47
13;AEC 0144;22;27,7;12;14,25
13;AEC 0144;22;27,7;13;14,02
13;AEC 0144;22;27,7;14;13,75
13;AEC 0144;22;27,7;15;12,98
13;AEC 0144;22;27,7;16;12,32
13;AEC 0144;22;27,7;17;12,37
13;AEC 0144;22;27,7;18;11,01
13;AEC 0144;22;27,7;19;9,96
13;AEC 0144;22;27,7;20;9,44
13;AEC 0144;22;27,7;21;8,8
13;AEC 0144;22;27,7;22;7,71
13;AEC 0144;22;27,7;23;7,69
13;AEC 0144;22;27,7;24;5,98
14;AEC 0144;18,4;24,2;0,2;19,88
14;AEC 0144;18,4;24,2;0,7;17,4
14;AEC 0144;18,4;24,2;1,3;16,97
14;AEC 0144;18,4;24,2;2;16,69
14;AEC 0144;18,4;24,2;3;15,89
14;AEC 0144;18,4;24,2;4;14,77
14;AEC 0144;18,4;24,2;5;14,81
14;AEC 0144;18,4;24,2;6;13,67
14;AEC 0144;18,4;24,2;7;13,93
14;AEC 0144;18,4;24,2;8;13,18
14;AEC 0144;18,4;24,2;9;12,52
14;AEC 0144;18,4;24,2;10;12,05
14;AEC 0144;18,4;24,2;11;11,18
14;AEC 0144;18,4;24,2;12;10,84
14;AEC 0144;18,4;24,2;13;10,4
14;AEC 0144;18,4;24,2;14;9,38
14;AEC 0144;18,4;24,2;15;8,51
14;AEC 0144;18,4;24,2;16;7,92
14;AEC 0144;18,4;24,2;17;7,4
14;AEC 0144;18,4;24,2;20;5,08
15;AEC 0144;23,52;27,8;0,2;23,95
15;AEC 0144;23,52;27,8;0,7;22,36
15;AEC 0144;23,52;27,8;1,3;22
15;AEC 0144;23,52;27,8;2;20,58
15;AEC 0144;23,52;27,8;3;20,01
15;AEC 0144;23,52;27,8;4;19,07
15;AEC 0144;23,52;27,8;6;18,98
15;AEC 0144;23,52;27,8;7;18,84
15;AEC 0144;23,52;27,8;8;18,18
15;AEC 0144;23,52;27,8;9;17,39
15;AEC 0144;23,52;27,8;10;16,16
15;AEC 0144;23,52;27,8;11;16,03
15;AEC 0144;23,52;27,8;12;15,79
15;AEC 0144;23,52;27,8;13;15,52
15;AEC 0144;23,52;27,8;14;14,84
15;AEC 0144;23,52;27,8;16;14,16
15;AEC 0144;23,52;27,8;17;13,17
15;AEC 0144;23,52;27,8;18;12,48
15;AEC 0144;23,52;27,8;19;11,65
15;AEC 0144;23,52;27,8;21;9,39
15;AEC 0144;23,52;27,8;22;8,78
15;AEC 0144;23,52;27,8;24;5,59
16;AEC 0144;17,85;26,8;0,2;18,16
16;AEC 0144;17,85;26,8;0,7;17,22
16;AEC 0144;17,85;26,8;1,3;16,4
16;AEC 0144;17,85;26,8;2;16,02
16;AEC 0144;17,85;26,8;3;15,58
16;AEC 0144;17,85;26,8;4;15,49
16;AEC 0144;17,85;26,8;5;14,89
16;AEC 0144;17,85;26,8;6;14,53
16;AEC 0144;17,85;26,8;7;13,83
16;AEC 0144;17,85;26,8;8;13,59
16;AEC 0144;17,85;26,8;9;13,06
16;AEC 0144;17,85;26,8;11;12,52
16;AEC 0144;17,85;26,8;12;11,86
16;AEC 0144;17,85;26,8;13;11,55
16;AEC 0144;17,85;26,8;14;11,36
16;AEC 0144;17,85;26,8;15;10,56
16;AEC 0144;17,85;26,8;16;9,9
16;AEC 0144;17,85;26,8;17;9,49
16;AEC 0144;17,85;26,8;18;8,79
16;AEC 0144;17,85;26,8;20;7,43
16;AEC 0144;17,85;26,8;21;6,86
16;AEC 0144;17,85;26,8;23;4,78
17;AEC 0144;15,85;24;0,2;16,06
17;AEC 0144;15,85;24;0,7;15,52
17;AEC 0144;15,85;24;1,3;14,96
17;AEC 0144;15,85;24;2;14,46
17;AEC 0144;15,85;24;3;14,19
17;AEC 0144;15,85;24;4;13,51
17;AEC 0144;15,85;24;5;13,6
17;AEC 0144;15,85;24;6;12,8
17;AEC 0144;15,85;24;7;12,8
17;AEC 0144;15,85;24;8;11,92
17;AEC 0144;15,85;24;9;11,42
17;AEC 0144;15,85;24;10;10,94
17;AEC 0144;15,85;24;11;10,41
17;AEC 0144;15,85;24;12;10,33
17;AEC 0144;15,85;24;13;9,72
17;AEC 0144;15,85;24;14;8,98
17;AEC 0144;15,85;24;15;8,32
17;AEC 0144;15,85;24;16;7,67
17;AEC 0144;15,85;24;20;4,88
18;AEC 0144;13,17;22,3;0,2;13,29
18;AEC 0144;13,17;22,3;0,7;12,82
18;AEC 0144;13,17;22,3;1,3;12,37
18;AEC 0144;13,17;22,3;2;11,97
18;AEC 0144;13,17;22,3;3;11,66
18;AEC 0144;13,17;22,3;4;11,28
18;AEC 0144;13,17;22,3;7;9,99
18;AEC 0144;13,17;22,3;8;9,48
18;AEC 0144;13,17;22,3;9;9,16
18;AEC 0144;13,17;22,3;10;8,76
18;AEC 0144;13,17;22,3;11;8,16
18;AEC 0144;13,17;22,3;12;7,75
18;AEC 0144;13,17;22,3;13;7,42
18;AEC 0144;13,17;22,3;17;5,14
19;AEC 0144;18,25;25,2;0,2;18,91
19;AEC 0144;18,25;25,2;0,7;17,87
19;AEC 0144;18,25;25,2;1,3;17,05
19;AEC 0144;18,25;25,2;2;16,32
19;AEC 0144;18,25;25,2;3;15,48
19;AEC 0144;18,25;25,2;4;15,47
19;AEC 0144;18,25;25,2;5;15,16
19;AEC 0144;18,25;25,2;6;14,68
19;AEC 0144;18,25;25,2;7;14
19;AEC 0144;18,25;25,2;8;13,64
19;AEC 0144;18,25;25,2;9;13,44
19;AEC 0144;18,25;25,2;10;12,54
19;AEC 0144;18,25;25,2;11;12,38
19;AEC 0144;18,25;25,2;12;11,48
19;AEC 0144;18,25;25,2;13;11,21
19;AEC 0144;18,25;25,2;14;10,49
19;AEC 0144;18,25;25,2;15;9,93
19;AEC 0144;18,25;25,2;16;9,17
19;AEC 0144;18,25;25,2;17;8,51
19;AEC 0144;18,25;25,2;18;8,3
19;AEC 0144;18,25;25,2;19;6,96
19;AEC 0144;18,25;25,2;20;5,47
20;AEC 0144;20,88;26,4;0,2;21,18
20;AEC 0144;20,88;26,4;0,7;19,83
20;AEC 0144;20,88;26,4;1,3;19,59
20;AEC 0144;20,88;26,4;2;18,61
20;AEC 0144;20,88;26,4;3;18,65
20;AEC 0144;20,88;26,4;4;17,28
20;AEC 0144;20,88;26,4;5;17,52
20;AEC 0144;20,88;26,4;6;16,78
20;AEC 0144;20,88;26,4;7;15,97
20;AEC 0144;20,88;26,4;8;15,82
20;AEC 0144;20,88;26,4;9;15,8
20;AEC 0144;20,88;26,4;10;14,39
20;AEC 0144;20,88;26,4;11;14,31
20;AEC 0144;20,88;26,4;12;13,7
20;AEC 0144;20,88;26,4;13;13,03
20;AEC 0144;20,88;26,4;14;12,28
20;AEC 0144;20,88;26,4;15;11,67
20;AEC 0144;20,88;26,4;16;10,46
20;AEC 0144;20,88;26,4;17;9,62
20;AEC 0144;20,88;26,4;18;9,37
20;AEC 0144;20,88;26,4;19;7,02
20;AEC 0144;20,88;26,4;22;5,01
21;AEC 0144;17,75;26,4;0,2;17,62
21;AEC 0144;17,75;26,4;0,7;17,6
21;AEC 0144;17,75;26,4;1,3;16,65
21;AEC 0144;17,75;26,4;2;16,46
21;AEC 0144;17,75;26,4;3;16,01
21;AEC 0144;17,75;26,4;4;16,02
21;AEC 0144;17,75;26,4;5;15,26
21;AEC 0144;17,75;26,4;6;14,41
21;AEC 0144;17,75;26,4;7;14,32
21;AEC 0144;17,75;26,4;8;13,75
21;AEC 0144;17,75;26,4;9;13,2
21;AEC 0144;17,75;26,4;10;12,87
21;AEC 0144;17,75;26,4;11;12,5
21;AEC 0144;17,75;26,4;12;12,07
21;AEC 0144;17,75;26,4;13;11,33
21;AEC 0144;17,75;26,4;14;10,89
21;AEC 0144;17,75;26,4;15;10,22
21;AEC 0144;17,75;26,4;16;9,64
21;AEC 0144;17,75;26,4;17;8,86
21;AEC 0144;17,75;26,4;18;6,16
21;AEC 0144;17,75;26,4;22;4,98
22;AEC 0144;23,66;27,3;0,2;23,03
22;AEC 0144;23,66;27,3;0,7;22,54
22;AEC 0144;23,66;27,3;1,3;22,1
22;AEC 0144;23,66;27,3;2;21,84
22;AEC 0144;23,66;27,3;3;21,44
22;AEC 0144;23,66;27,3;4;20,64
22;AEC 0144;23,66;27,3;5;20,08
22;AEC 0144;23,66;27,3;6;19,15
22;AEC 0144;23,66;27,3;7;18,79
22;AEC 0144;23,66;27,3;8;18,21
22;AEC 0144;23,66;27,3;9;17,7
22;AEC 0144;23,66;27,3;10;16,45
22;AEC 0144;23,66;27,3;11;16,7
22;AEC 0144;23,66;27,3;12;15,46
22;AEC 0144;23,66;27,3;13;14,71
22;AEC 0144;23,66;27,3;14;14,44
22;AEC 0144;23,66;27,3;15;13,04
22;AEC 0144;23,66;27,3;18;10,61
22;AEC 0144;23,66;27,3;20;8,49
22;AEC 0144;23,66;27,3;21;7,25
22;AEC 0144;23,66;27,3;23;5,81
24;AEC 0144;21,15;26;0,2;21,04
24;AEC 0144;21,15;26;0,7;19,7
24;AEC 0144;21,15;26;1,3;19,55
24;AEC 0144;21,15;26;2;19,28
24;AEC 0144;21,15;26;4;18,25
24;AEC 0144;21,15;26;5;17,6
24;AEC 0144;21,15;26;6;16,78
24;AEC 0144;21,15;26;7;16,17
24;AEC 0144;21,15;26;10;14,91
24;AEC 0144;21,15;26;11;14,22
24;AEC 0144;21,15;26;12;13,58
24;AEC 0144;21,15;26;13;12,73
24;AEC 0144;21,15;26;14;11,56
24;AEC 0144;21,15;26;15;11
24;AEC 0144;21,15;26;16;10,23
24;AEC 0144;21,15;26;17;9,31
24;AEC 0144;21,15;26;18;8,53
24;AEC 0144;21,15;26;19;7,5
24;AEC 0144;21,15;26;20;7,19
24;AEC 0144;21,15;26;22;5,21
25;AEC 0144;17,63;26,2;0,2;17,3
25;AEC 0144;17,63;26,2;1,3;16,43
25;AEC 0144;17,63;26,2;2;16,46
25;AEC 0144;17,63;26,2;3;16,19
25;AEC 0144;17,63;26,2;4;16,2
25;AEC 0144;17,63;26,2;5;15,35
25;AEC 0144;17,63;26,2;6;15,11
25;AEC 0144;17,63;26,2;7;13,89
25;AEC 0144;17,63;26,2;8;13,55
25;AEC 0144;17,63;26,2;10;12,68
25;AEC 0144;17,63;26,2;12;11,74
25;AEC 0144;17,63;26,2;13;10,93
25;AEC 0144;17,63;26,2;14;10,71
25;AEC 0144;17,63;26,2;15;10,23
25;AEC 0144;17,63;26,2;16;9,37
25;AEC 0144;17,63;26,2;17;8,95
25;AEC 0144;17,63;26,2;18;8,46
25;AEC 0144;17,63;26,2;19;5,41
25;AEC 0144;17,63;26,2;20;7,15
25;AEC 0144;17,63;26,2;22;4,91
26;VT01;19,6;27;0,2;21,17
26;VT01;19,6;27;0,7;19,01
26;VT01;19,6;27;1,3;18,44
26;VT01;19,6;27;2;17,81
26;VT01;19,6;27;3;17,33
26;VT01;19,6;27;4;16,39
26;VT01;19,6;27;5;16,36
26;VT01;19,6;27;6;15,52
26;VT01;19,6;27;7;15,43
26;VT01;19,6;27;8;14,92
26;VT01;19,6;27;9;14,34
26;VT01;19,6;27;10;13,45
26;VT01;19,6;27;11;13,03
26;VT01;19,6;27;12;12,4
26;VT01;19,6;27;14;10,9
26;VT01;19,6;27;15;10,58
26;VT01;19,6;27;16;9,94
26;VT01;19,6;27;17;9,11
26;VT01;19,6;27;18;9,01
26;VT01;19,6;27;19;8,09
26;VT01;19,6;27;20;6,88
26;VT01;19,6;27;23;4,91
27;VT01;16,34;25,3;0,2;17,28
27;VT01;16,34;25,3;0,7;15,79
27;VT01;16,34;25,3;1,3;15,6
27;VT01;16,34;25,3;2;15,59
27;VT01;16,34;25,3;3;15,04
27;VT01;16,34;25,3;4;14,48
27;VT01;16,34;25,3;5;14,15
27;VT01;16,34;25,3;9;12,8
27;VT01;16,34;25,3;10;12,42
27;VT01;16,34;25,3;11;11,94
27;VT01;16,34;25,3;13;10,92
27;VT01;16,34;25,3;14;9,89
27;VT01;16,34;25,3;15;9,73
27;VT01;16,34;25,3;16;8,95
27;VT01;16,34;25,3;17;8,16
27;VT01;16,34;25,3;18;7,44
27;VT01;16,34;25,3;21;5
28;VT01;19,79;26,8;0,2;20,97
28;VT01;19,79;26,8;0,7;19,13
28;VT01;19,79;26,8;1,3;18,7
28;VT01;19,79;26,8;2;18,29
28;VT01;19,79;26,8;3;17,54
28;VT01;19,79;26,8;4;17,13
28;VT01;19,79;26,8;5;16,19
28;VT01;19,79;26,8;6;15,69
28;VT01;19,79;26,8;7;15,37
28;VT01;19,79;26,8;8;14,95
28;VT01;19,79;26,8;9;14,27
28;VT01;19,79;26,8;10;13,64
28;VT01;19,79;26,8;11;12,87
28;VT01;19,79;26,8;12;12,74
28;VT01;19,79;26,8;13;11,67
28;VT01;19,79;26,8;14;11,69
28;VT01;19,79;26,8;15;10,49
28;VT01;19,79;26,8;16;10,2
28;VT01;19,79;26,8;17;9,27
28;VT01;19,79;26,8;18;8,6
28;VT01;19,79;26,8;19;8,11
28;VT01;19,79;26,8;23;4,76
29;VT01;13,17;24;0,2;16,04
29;VT01;13,17;24;0,7;12,82
29;VT01;13,17;24;1,3;12,66
29;VT01;13,17;24;3;12,07
29;VT01;13,17;24;4;11,75
29;VT01;13,17;24;5;11,26
29;VT01;13,17;24;6;11,05
29;VT01;13,17;24;7;10,69
29;VT01;13,17;24;8;10,28
29;VT01;13,17;24;10;9,34
29;VT01;13,17;24;11;8,96
29;VT01;13,17;24;12;8,69
29;VT01;13,17;24;13;8,09
29;VT01;13,17;24;14;7,58
29;VT01;13,17;24;19;4,73
30;VT01;16,24;24,9;0,2;17,85
30;VT01;16,24;24,9;0,7;15,6
30;VT01;16,24;24,9;1,3;15,28
30;VT01;16,24;24,9;2;15,08
30;VT01;16,24;24,9;3;15,05
30;VT01;16,24;24,9;4;14,51
30;VT01;16,24;24,9;5;13,68
30;VT01;16,24;24,9;6;13,43
30;VT01;16,24;24,9;7;12,94
30;VT01;16,24;24,9;8;12,13
30;VT01;16,24;24,9;9;12,15
30;VT01;16,24;24,9;10;11,18
30;VT01;16,24;24,9;11;10,68
30;VT01;16,24;24,9;12;10,18
30;VT01;16,24;24,9;13;9,23
30;VT01;16,24;24,9;14;8,81
30;VT01;16,24;24,9;15;8,22
30;VT01;16,24;24,9;16;7,51
30;VT01;16,24;24,9;17;7,13
30;VT01;16,24;24,9;21;4,74
31;VT01;17,23;24,3;0,2;19,43
31;VT01;17,23;24,3;0,7;16,67
31;VT01;17,23;24,3;1,3;16,19
31;VT01;17,23;24,3;2;15,72
31;VT01;17,23;24,3;5;14,53
31;VT01;17,23;24,3;6;13,78
31;VT01;17,23;24,3;7;13,34
31;VT01;17,23;24,3;8;13,13
31;VT01;17,23;24,3;9;12,41
31;VT01;17,23;24,3;10;11,78
31;VT01;17,23;24,3;11;11,34
31;VT01;17,23;24,3;12;11,02
31;VT01;17,23;24,3;13;10,35
31;VT01;17,23;24,3;14;9,41
31;VT01;17,23;24,3;15;8,79
31;VT01;17,23;24,3;16;8,42
31;VT01;17,23;24,3;17;7,51
31;VT01;17,23;24,3;22;4,16
32;VT01;18,17;25,8;0,2;19,12
32;VT01;18,17;25,8;0,7;17,13
32;VT01;18,17;25,8;1,3;17,06
32;VT01;18,17;25,8;2;16,31
32;VT01;18,17;25,8;3;15,9
32;VT01;18,17;25,8;4;15,35
32;VT01;18,17;25,8;5;14,82
32;VT01;18,17;25,8;6;14,22
32;VT01;18,17;25,8;7;13,77
32;VT01;18,17;25,8;8;13,31
32;VT01;18,17;25,8;9;13,03
32;VT01;18,17;25,8;10;12,65
32;VT01;18,17;25,8;11;11,86
32;VT01;18,17;25,8;12;10,95
32;VT01;18,17;25,8;13;10,59
32;VT01;18,17;25,8;14;9,69
32;VT01;18,17;25,8;15;9,36
32;VT01;18,17;25,8;16;8,61
32;VT01;18,17;25,8;17;7,79
32;VT01;18,17;25,8;22;4,25
33;VT01;20,98;27,6;0,2;23,04
33;VT01;20,98;27,6;0,7;20,77
33;VT01;20,98;27,6;1,3;19,79
33;VT01;20,98;27,6;2;19,27
33;VT01;20,98;27,6;3;18,34
33;VT01;20,98;27,6;4;18,59
33;VT01;20,98;27,6;5;17,62
33;VT01;20,98;27,6;6;17,13
33;VT01;20,98;27,6;7;16,25
33;VT01;20,98;27,6;8;15,97
33;VT01;20,98;27,6;9;15,52
33;VT01;20,98;27,6;10;14,57
33;VT01;20,98;27,6;11;14,47
33;VT01;20,98;27,6;12;13,38
33;VT01;20,98;27,6;13;12,75
33;VT01;20,98;27,6;15;12,1
33;VT01;20,98;27,6;16;11,33
33;VT01;20,98;27,6;17;9,99
33;VT01;20,98;27,6;18;9,42
33;VT01;20,98;27,6;20;7,92
33;VT01;20,98;27,6;21;7,4
33;VT01;20,98;27,6;24;4,72
34;VT01;18,26;27,9;0,2;19,87
34;VT01;18,26;27,9;0,7;18,12
34;VT01;18,26;27,9;1,3;17,17
34;VT01;18,26;27,9;2;17,33
34;VT01;18,26;27,9;3;16,79
34;VT01;18,26;27,9;4;16,36
34;VT01;18,26;27,9;5;15,6
34;VT01;18,26;27,9;6;15,28
34;VT01;18,26;27,9;7;14,61
34;VT01;18,26;27,9;8;14,55
34;VT01;18,26;27,9;9;13,89
34;VT01;18,26;27,9;10;13,4
34;VT01;18,26;27,9;11;12,79
34;VT01;18,26;27,9;12;12,18
34;VT01;18,26;27,9;13;11,78
34;VT01;18,26;27,9;15;10,57
34;VT01;18,26;27,9;16;10,06
34;VT01;18,26;27,9;19;8,03
34;VT01;18,26;27,9;20;7,78
34;VT01;18,26;27,9;21;6,82
34;VT01;18,26;27,9;24;4,49
35;VT01;18,16;27,3;0,2;20,77
35;VT01;18,16;27,3;0,7;17,63
35;VT01;18,16;27,3;1,3;17,19
35;VT01;18,16;27,3;2;16,73
35;VT01;18,16;27,3;4;15,59
35;VT01;18,16;27,3;5;15,29
35;VT01;18,16;27,3;6;14,93
35;VT01;18,16;27,3;7;14,63
35;VT01;18,16;27,3;8;14,18
35;VT01;18,16;27,3;9;13,4
35;VT01;18,16;27,3;10;13,21
35;VT01;18,16;27,3;11;12,66
35;VT01;18,16;27,3;12;11,94
35;VT01;18,16;27,3;13;11,42
35;VT01;18,16;27,3;14;10,9
35;VT01;18,16;27,3;15;10,18
35;VT01;18,16;27,3;16;9,6
35;VT01;18,16;27,3;18;8,41
35;VT01;18,16;27,3;19;7,54
35;VT01;18,16;27,3;20;6,99
35;VT01;18,16;27,3;23;5,72
36;VT01;15,96;27,1;0,2;17,98
36;VT01;15,96;27,1;0,7;15,1
36;VT01;15,96;27,1;1,3;14,98
36;VT01;15,96;27,1;2;14,83
36;VT01;15,96;27,1;3;14,13
36;VT01;15,96;27,1;5;13,38
36;VT01;15,96;27,1;6;13,39
36;VT01;15,96;27,1;7;13,09
36;VT01;15,96;27,1;8;12,86
36;VT01;15,96;27,1;9;12,45
36;VT01;15,96;27,1;10;12,05
36;VT01;15,96;27,1;11;11,42
36;VT01;15,96;27,1;12;11,32
36;VT01;15,96;27,1;13;10,69
36;VT01;15,96;27,1;15;9,84
36;VT01;15,96;27,1;16;9,11
36;VT01;15,96;27,1;18;8,53
36;VT01;15,96;27,1;19;7,91
36;VT01;15,96;27,1;20;7,37
36;VT01;15,96;27,1;21;6,86
36;VT01;15,96;27,1;23;4,85
38;VT01;12,99;23,6;0,2;14,78
38;VT01;12,99;23,6;0,7;13,03
38;VT01;12,99;23,6;1,3;12,23
38;VT01;12,99;23,6;2;12,33
38;VT01;12,99;23,6;3;11,89
38;VT01;12,99;23,6;4;11,42
38;VT01;12,99;23,6;5;11,18
38;VT01;12,99;23,6;6;10,65
38;VT01;12,99;23,6;7;10,14
38;VT01;12,99;23,6;8;9,7
38;VT01;12,99;23,6;9;9,36
38;VT01;12,99;23,6;10;8,87
38;VT01;12,99;23,6;11;8,26
38;VT01;12,99;23,6;12;7,82
38;VT01;12,99;23,6;13;7,32
38;VT01;12,99;23,6;14;6,94
38;VT01;12,99;23,6;17;4,57
39;VT01;16,25;25,9;0,2;17,95
39;VT01;16,25;25,9;0,7;15,46
39;VT01;16,25;25,9;1,3;15,25
39;VT01;16,25;25,9;2;14,76
39;VT01;16,25;25,9;3;14,31
39;VT01;16,25;25,9;4;13,89
39;VT01;16,25;25,9;5;13,42
39;VT01;16,25;25,9;6;13,22
39;VT01;16,25;25,9;7;12,54
39;VT01;16,25;25,9;8;12,17
39;VT01;16,25;25,9;9;11,79
39;VT01;16,25;25,9;10;11,24
39;VT01;16,25;25,9;11;10,85
39;VT01;16,25;25,9;13;9,52
39;VT01;16,25;25,9;14;8,96
39;VT01;16,25;25,9;15;8,45
39;VT01;16,25;25,9;17;7,15
39;VT01;16,25;25,9;21;5,09
40;VT01;19,87;28,7;0,2;22,52
40;VT01;19,87;28,7;0,7;19,33
40;VT01;19,87;28,7;1,3;18,74
40;VT01;19,87;28,7;2;18,7
40;VT01;19,87;28,7;3;17,98
40;VT01;19,87;28,7;4;16,72
40;VT01;19,87;28,7;5;16,87
40;VT01;19,87;28,7;6;16,76
40;VT01;19,87;28,7;8;15,57
40;VT01;19,87;28,7;9;14,53
40;VT01;19,87;28,7;10;14,62
40;VT01;19,87;28,7;11;14,17
40;VT01;19,87;28,7;12;13,66
40;VT01;19,87;28,7;13;12,76
40;VT01;19,87;28,7;14;12,68
40;VT01;19,87;28,7;15;11,97
40;VT01;19,87;28,7;16;11,27
40;VT01;19,87;28,7;17;10,21
40;VT01;19,87;28,7;18;8,69
40;VT01;19,87;28,7;25;5,04
41;VT01;22,78;32,7;0,2;24,91
41;VT01;22,78;32,7;0,7;22,17
41;VT01;22,78;32,7;1,3;21,45
41;VT01;22,78;32,7;2;20,61
41;VT01;22,78;32,7;3;19,95
41;VT01;22,78;32,7;4;19,58
41;VT01;22,78;32,7;5;19,02
41;VT01;22,78;32,7;6;17,76
41;VT01;22,78;32,7;7;17,87
41;VT01;22,78;32,7;10;16,99
41;VT01;22,78;32,7;11;16,48
41;VT01;22,78;32,7;12;15,46
41;VT01;22,78;32,7;13;15,09
41;VT01;22,78;32,7;15;14,3
41;VT01;22,78;32,7;17;13,29
41;VT01;22,78;32,7;18;11,76
41;VT01;22,78;32,7;19;11,25
41;VT01;22,78;32,7;21;10,27
41;VT01;22,78;32,7;24;8,22
41;VT01;22,78;32,7;25;6,3
42;VT01;18,02;26,7;0,2;18,98
42;VT01;18,02;26,7;0,7;18,21
42;VT01;18,02;26,7;1,3;17,19
42;VT01;18,02;26,7;2;16,02
42;VT01;18,02;26,7;3;15,99
42;VT01;18,02;26,7;4;15,34
42;VT01;18,02;26,7;5;15,05
42;VT01;18,02;26,7;6;14,67
42;VT01;18,02;26,7;7;14,16
42;VT01;18,02;26,7;8;13,61
42;VT01;18,02;26,7;9;13
42;VT01;18,02;26,7;10;12,88
42;VT01;18,02;26,7;11;11,92
42;VT01;18,02;26,7;12;11,5
42;VT01;18,02;26,7;13;11,01
42;VT01;18,02;26,7;14;10,46
42;VT01;18,02;26,7;15;9,78
42;VT01;18,02;26,7;16;9,27
42;VT01;18,02;26,7;18;7,84
42;VT01;18,02;26,7;19;7,31
42;VT01;18,02;26,7;22;4,25
44;IPB1;23,48;26,5;0,2;25,28
44;IPB1;23,48;26,5;0,7;23,11
44;IPB1;23,48;26,5;1,3;22,08
44;IPB1;23,48;26,5;2;21,32
44;IPB1;23,48;26,5;3;21,23
44;IPB1;23,48;26,5;4;20,06
44;IPB1;23,48;26,5;5;19,9
44;IPB1;23,48;26,5;6;19,57
44;IPB1;23,48;26,5;7;18,04
44;IPB1;23,48;26,5;8;17,97
44;IPB1;23,48;26,5;9;17,07
44;IPB1;23,48;26,5;10;15,83
44;IPB1;23,48;26,5;11;15,38
44;IPB1;23,48;26,5;12;14,56
44;IPB1;23,48;26,5;13;13,87
44;IPB1;23,48;26,5;14;13,55
44;IPB1;23,48;26,5;15;12,03
44;IPB1;23,48;26,5;16;11,42
44;IPB1;23,48;26,5;17;10,84
44;IPB1;23,48;26,5;18;9,84
44;IPB1;23,48;26,5;19;9,02
44;IPB1;23,48;26,5;20;7,92
44;IPB1;23,48;26,5;21;6,93
44;IPB1;23,48;26,5;23;4,88
45;IPB1;17,22;26,7;0,2;18,04
45;IPB1;17,22;26,7;1,3;16,24
45;IPB1;17,22;26,7;2;15,12
45;IPB1;17,22;26,7;3;14,82
45;IPB1;17,22;26,7;4;14,43
45;IPB1;17,22;26,7;5;14,02
45;IPB1;17,22;26,7;6;13,69
45;IPB1;17,22;26,7;7;13,39
45;IPB1;17,22;26,7;8;12,78
45;IPB1;17,22;26,7;9;12,39
45;IPB1;17,22;26,7;10;11,87
45;IPB1;17,22;26,7;11;11,86
45;IPB1;17,22;26,7;12;10,94
45;IPB1;17,22;26,7;13;10,42
45;IPB1;17,22;26,7;14;10,1
45;IPB1;17,22;26,7;15;9,38
45;IPB1;17,22;26,7;16;8,82
45;IPB1;17,22;26,7;18;7,87
45;IPB1;17,22;26,7;19;7,3
45;IPB1;17,22;26,7;23;4,76
46;IPB1;15,71;26,3;0,2;17,13
46;IPB1;15,71;26,3;0,7;15,2
46;IPB1;15,71;26,3;1,3;14,8
46;IPB1;15,71;26,3;2;14,52
46;IPB1;15,71;26,3;3;14,19
46;IPB1;15,71;26,3;4;13,7
46;IPB1;15,71;26,3;5;13,21
46;IPB1;15,71;26,3;6;12,84
46;IPB1;15,71;26,3;7;12,53
46;IPB1;15,71;26,3;8;12,16
46;IPB1;15,71;26,3;9;11,87
46;IPB1;15,71;26,3;10;11,21
46;IPB1;15,71;26,3;11;10,7
46;IPB1;15,71;26,3;12;10,36
46;IPB1;15,71;26,3;13;10,02
46;IPB1;15,71;26,3;14;9,33
46;IPB1;15,71;26,3;15;8,88
46;IPB1;15,71;26,3;16;8,35
46;IPB1;15,71;26,3;17;8,09
46;IPB1;15,71;26,3;18;7,5
46;IPB1;15,71;26,3;22;5,12
47;IPB1;10,75;22;0,2;12,52
47;IPB1;10,75;22;0,7;10,91
47;IPB1;10,75;22;1,3;10,37
47;IPB1;10,75;22;2;10,26
47;IPB1;10,75;22;3;10,16
47;IPB1;10,75;22;4;9,71
47;IPB1;10,75;22;5;9,31
47;IPB1;10,75;22;6;9,06
47;IPB1;10,75;22;7;8,5
47;IPB1;10,75;22;8;8,21
47;IPB1;10,75;22;9;7,88
47;IPB1;10,75;22;11;6,96
47;IPB1;10,75;22;12;6,66
47;IPB1;10,75;22;15;4,95
48;IPB1;18,76;26,5;0,2;19,85
48;IPB1;18,76;26,5;0,7;18,42
48;IPB1;18,76;26,5;1,3;17,93
48;IPB1;18,76;26,5;2;17,62
48;IPB1;18,76;26,5;3;16,83
48;IPB1;18,76;26,5;4;16,6
48;IPB1;18,76;26,5;5;16,1
48;IPB1;18,76;26,5;6;15,77
48;IPB1;18,76;26,5;7;15,39
48;IPB1;18,76;26,5;8;14,89
48;IPB1;18,76;26,5;9;14,32
48;IPB1;18,76;26,5;10;13,78
48;IPB1;18,76;26,5;11;13,41
48;IPB1;18,76;26,5;12;12,54
48;IPB1;18,76;26,5;13;11,8
48;IPB1;18,76;26,5;14;11,49
48;IPB1;18,76;26,5;15;10,63
48;IPB1;18,76;26,5;16;10,08
48;IPB1;18,76;26,5;17;9,34
48;IPB1;18,76;26,5;19;8,12
48;IPB1;18,76;26,5;20;7,26
48;IPB1;18,76;26,5;22;5,44
49;IPB1;21,12;27,5;0,2;22,27
49;IPB1;21,12;27,5;0,7;20,51
49;IPB1;21,12;27,5;1,3;20,1
49;IPB1;21,12;27,5;2;19,27
49;IPB1;21,12;27,5;3;19,09
49;IPB1;21,12;27,5;4;18,01
49;IPB1;21,12;27,5;5;17,97
49;IPB1;21,12;27,5;6;17,1
49;IPB1;21,12;27,5;7;16,87
49;IPB1;21,12;27,5;8;16,32
49;IPB1;21,12;27,5;9;15,48
49;IPB1;21,12;27,5;10;15,13
49;IPB1;21,12;27,5;11;14,54
49;IPB1;21,12;27,5;12;14,02
49;IPB1;21,12;27,5;13;13,29
49;IPB1;21,12;27,5;14;12,98
49;IPB1;21,12;27,5;15;12,28
49;IPB1;21,12;27,5;16;11,2
49;IPB1;21,12;27,5;17;10,65
49;IPB1;21,12;27,5;18;9,72
49;IPB1;21,12;27,5;19;9,04
49;IPB1;21,12;27,5;20;8,35
49;IPB1;21,12;27,5;23;5,31
50;IPB1;17,63;27,7;0,2;18,6
50;IPB1;17,63;27,7;0,7;17
50;IPB1;17,63;27,7;1,3;16,48
50;IPB1;17,63;27,7;2;16,15
50;IPB1;17,63;27,7;3;15,81
50;IPB1;17,63;27,7;4;15,41
50;IPB1;17,63;27,7;5;15
50;IPB1;17,63;27,7;6;14,65
50;IPB1;17,63;27,7;7;14,25
50;IPB1;17,63;27,7;8;13,97
50;IPB1;17,63;27,7;9;13,39
50;IPB1;17,63;27,7;10;13,05
50;IPB1;17,63;27,7;11;12,74
50;IPB1;17,63;27,7;12;12,22
50;IPB1;17,63;27,7;13;11,77
50;IPB1;17,63;27,7;14;11,12
50;IPB1;17,63;27,7;16;9,92
50;IPB1;17,63;27,7;17;9,53
50;IPB1;17,63;27,7;18;8,81
50;IPB1;17,63;27,7;24;4,84
51;VT01;22,07;28,3;0,2;24,34
51;VT01;22,07;28,3;0,7;20,91
51;VT01;22,07;28,3;1,3;20,88
51;VT01;22,07;28,3;2;20,42
51;VT01;22,07;28,3;3;19,86
51;VT01;22,07;28,3;4;19,13
51;VT01;22,07;28,3;5;18,78
51;VT01;22,07;28,3;6;18,17
51;VT01;22,07;28,3;7;17,89
51;VT01;22,07;28,3;8;17
51;VT01;22,07;28,3;9;16,27
51;VT01;22,07;28,3;10;15,4
51;VT01;22,07;28,3;11;15,35
51;VT01;22,07;28,3;12;14,71
51;VT01;22,07;28,3;13;14,01
51;VT01;22,07;28,3;15;12,33
51;VT01;22,07;28,3;16;11,92
51;VT01;22,07;28,3;17;11,1
51;VT01;22,07;28,3;18;10,23
51;VT01;22,07;28,3;19;9,69
51;VT01;22,07;28,3;21;7,98
51;VT01;22,07;28,3;22;7,35
51;VT01;22,07;28,3;25;4,67
52;VT01;19,85;27;0,2;22,06
52;VT01;19,85;27;0,7;19,52
52;VT01;19,85;27;1,3;18,99
52;VT01;19,85;27;2;18,56
52;VT01;19,85;27;3;18,22
52;VT01;19,85;27;4;17,72
52;VT01;19,85;27;5;16,89
52;VT01;19,85;27;6;16,47
52;VT01;19,85;27;7;15,67
52;VT01;19,85;27;8;15,41
52;VT01;19,85;27;9;14,43
52;VT01;19,85;27;10;13,78
52;VT01;19,85;27;11;13,48
52;VT01;19,85;27;12;12,73
52;VT01;19,85;27;13;12,28
52;VT01;19,85;27;14;11,55
52;VT01;19,85;27;15;10,81
52;VT01;19,85;27;16;10,09
52;VT01;19,85;27;17;9,27
52;VT01;19,85;27;18;8,93
52;VT01;19,85;27;19;7,5
52;VT01;19,85;27;20;6,73
52;VT01;19,85;27;23;4,8
53;VT01;17,02;25,3;0,2;19,03
53;VT01;17,02;25,3;0,7;16,52
53;VT01;17,02;25,3;1,3;16,16
53;VT01;17,02;25,3;2;15,49
53;VT01;17,02;25,3;3;15,46
53;VT01;17,02;25,3;4;14,71
53;VT01;17,02;25,3;5;14,16
53;VT01;17,02;25,3;6;13,64
53;VT01;17,02;25,3;7;13,34
53;VT01;17,02;25,3;9;12,24
53;VT01;17,02;25,3;10;11,63
53;VT01;17,02;25,3;11;11,1
53;VT01;17,02;25,3;12;10,34
53;VT01;17,02;25,3;13;9,71
53;VT01;17,02;25,3;14;9,25
53;VT01;17,02;25,3;15;8,88
53;VT01;17,02;25,3;16;7,97
53;VT01;17,02;25,3;17;7,45
53;VT01;17,02;25,3;22;4,58
54;VT01;11,98;22,3;0,2;12,86
54;VT01;11,98;22,3;0,7;11,69
54;VT01;11,98;22,3;1,3;11,31
54;VT01;11,98;22,3;2;10,95
54;VT01;11,98;22,3;3;10,77
54;VT01;11,98;22,3;4;10,65
54;VT01;11,98;22,3;5;10,06
54;VT01;11,98;22,3;6;9,7
54;VT01;11,98;22,3;7;9,34
54;VT01;11,98;22,3;8;8,97
54;VT01;11,98;22,3;9;8,5
54;VT01;11,98;22,3;10;8,1
54;VT01;11,98;22,3;11;7,63
54;VT01;11,98;22,3;12;7,15
54;VT01;11,98;22,3;17;4,43
55;VT01;15;25,2;0,2;15,92
55;VT01;15;25,2;0,7;14,59
55;VT01;15;25,2;1,3;13,99
55;VT01;15;25,2;2;13,84
55;VT01;15;25,2;3;13,54
55;VT01;15;25,2;4;13,02
55;VT01;15;25,2;5;12,65
55;VT01;15;25,2;6;12,47
55;VT01;15;25,2;7;11,82
55;VT01;15;25,2;8;11,7
55;VT01;15;25,2;9;11,24
55;VT01;15;25,2;10;10,68
55;VT01;15;25,2;11;10,17
55;VT01;15;25,2;12;9,44
55;VT01;15;25,2;13;9,37
55;VT01;15;25,2;14;8,5
55;VT01;15;25,2;15;8,03
55;VT01;15;25,2;16;7,69
55;VT01;15;25,2;20;4,71
56;VT01;17;25,8;0,2;18,85
56;VT01;17;25,8;0,7;16,41
56;VT01;17;25,8;1,3;16,17
56;VT01;17;25,8;2;15,97
56;VT01;17;25,8;3;15,31
56;VT01;17;25,8;4;15,03
56;VT01;17;25,8;5;14,5
56;VT01;17;25,8;6;13,87
56;VT01;17;25,8;7;13,92
56;VT01;17;25,8;8;13,18
56;VT01;17;25,8;9;12,55
56;VT01;17;25,8;10;12,15
56;VT01;17;25,8;11;11,64
56;VT01;17;25,8;12;11,17
56;VT01;17;25,8;13;10,54
56;VT01;17;25,8;14;10,04
56;VT01;17;25,8;15;9,57
56;VT01;17;25,8;16;8,86
56;VT01;17;25,8;17;8,3
56;VT01;17;25,8;18;8,22
56;VT01;17;25,8;22;4,75
57;VT01;18,54;27,5;0,2;21,42
57;VT01;18,54;27,5;0,7;17,37
57;VT01;18,54;27,5;1,3;17,34
57;VT01;18,54;27,5;2;17,15
57;VT01;18,54;27,5;3;16,39
57;VT01;18,54;27,5;4;16,13
57;VT01;18,54;27,5;5;15,14
57;VT01;18,54;27,5;6;14,7
57;VT01;18,54;27,5;8;14,15
57;VT01;18,54;27,5;9;13,64
57;VT01;18,54;27,5;10;13,48
57;VT01;18,54;27,5;11;12,43
57;VT01;18,54;27,5;12;12,26
57;VT01;18,54;27,5;13;11,65
57;VT01;18,54;27,5;14;10,98
57;VT01;18,54;27,5;16;9,74
57;VT01;18,54;27,5;17;9,6
57;VT01;18,54;27,5;18;8,46
57;VT01;18,54;27,5;19;8,05
57;VT01;18,54;27,5;23;4,52
58;VT01;20,51;28;0,2;21,84
58;VT01;20,51;28;0,7;19,66
58;VT01;20,51;28;1,3;19,26
58;VT01;20,51;28;2;18,71
58;VT01;20,51;28;3;17,72
58;VT01;20,51;28;4;17,85
58;VT01;20,51;28;5;17,14
58;VT01;20,51;28;6;16,79
58;VT01;20,51;28;7;16,07
58;VT01;20,51;28;8;15,72
58;VT01;20,51;28;9;15,21
58;VT01;20,51;28;10;15
58;VT01;20,51;28;11;14,36
58;VT01;20,51;28;12;13,55
58;VT01;20,51;28;13;12,7
58;VT01;20,51;28;14;12,68
58;VT01;20,51;28;15;11,56
58;VT01;20,51;28;16;11,34
58;VT01;20,51;28;17;10,53
58;VT01;20,51;28;18;9,68
58;VT01;20,51;28;19;9,15
58;VT01;20,51;28;20;8,68
58;VT01;20,51;28;21;7,73
58;VT01;20,51;28;25;4,27
60;IPB1;17,94;27,2;0,2;18,76
60;IPB1;17,94;27,2;0,7;17,58
60;IPB1;17,94;27,2;1,3;17,24
60;IPB1;17,94;27,2;2;16,87
60;IPB1;17,94;27,2;3;16,3
60;IPB1;17,94;27,2;4;15,83
60;IPB1;17,94;27,2;5;15,09
60;IPB1;17,94;27,2;6;15,13
60;IPB1;17,94;27,2;7;14,41
60;IPB1;17,94;27,2;8;13,9
60;IPB1;17,94;27,2;9;13,5
60;IPB1;17,94;27,2;10;12,96
60;IPB1;17,94;27,2;11;12,4
60;IPB1;17,94;27,2;12;11,94
60;IPB1;17,94;27,2;14;10,73
60;IPB1;17,94;27,2;15;10,13
60;IPB1;17,94;27,2;16;9,43
60;IPB1;17,94;27,2;17;8,94
60;IPB1;17,94;27,2;18;8,2
60;IPB1;17,94;27,2;19;7,73
60;IPB1;17,94;27,2;20;6,89
60;IPB1;17,94;27,2;23;4,83
61;IPB1;19,52;26,8;0,2;20,26
61;IPB1;19,52;26,8;0,7;19,18
61;IPB1;19,52;26,8;1,3;17,96
61;IPB1;19,52;26,8;2;17,54
61;IPB1;19,52;26,8;3;17,08
61;IPB1;19,52;26,8;4;16,67
61;IPB1;19,52;26,8;5;15,97
61;IPB1;19,52;26,8;6;15,69
61;IPB1;19,52;26,8;7;15,2
61;IPB1;19,52;26,8;8;14,75
61;IPB1;19,52;26,8;9;14,2
61;IPB1;19,52;26,8;10;13,71
61;IPB1;19,52;26,8;11;13,21
61;IPB1;19,52;26,8;12;12,65
61;IPB1;19,52;26,8;13;11,98
61;IPB1;19,52;26,8;14;11,46
61;IPB1;19,52;26,8;16;10,31
61;IPB1;19,52;26,8;17;9,47
61;IPB1;19,52;26,8;18;8,75
61;IPB1;19,52;26,8;19;7,99
61;IPB1;19,52;26,8;20;7,36
61;IPB1;19,52;26,8;23;4,98
62;IPB1;16,02;25,6;0,2;16,84
62;IPB1;16,02;25,6;0,7;15,68
62;IPB1;16,02;25,6;1,3;14,95
62;IPB1;16,02;25,6;2;14,63
62;IPB1;16,02;25,6;3;14,14
62;IPB1;16,02;25,6;4;13,58
62;IPB1;16,02;25,6;5;13,22
62;IPB1;16,02;25,6;6;12,72
62;IPB1;16,02;25,6;7;12,52
62;IPB1;16,02;25,6;8;12,19
62;IPB1;16,02;25,6;9;11,74
62;IPB1;16,02;25,6;10;11,27
62;IPB1;16,02;25,6;11;10,84
62;IPB1;16,02;25,6;12;10,37
62;IPB1;16,02;25,6;13;10,15
62;IPB1;16,02;25,6;14;9,35
62;IPB1;16,02;25,6;15;8,85
62;IPB1;16,02;25,6;16;8,36
62;IPB1;16,02;25,6;17;7,85
62;IPB1;16,02;25,6;18;7,22
62;IPB1;16,02;25,6;22;4,55
63;IPB1;13,82;22,3;0,2;14,62
63;IPB1;13,82;22,3;0,7;13,06
63;IPB1;13,82;22,3;1,3;12,65
63;IPB1;13,82;22,3;4;11,74
63;IPB1;13,82;22,3;5;11,3
63;IPB1;13,82;22,3;6;11,13
63;IPB1;13,82;22,3;7;10,8
63;IPB1;13,82;22,3;8;10,36
63;IPB1;13,82;22,3;9;10,09
63;IPB1;13,82;22,3;10;9,54
63;IPB1;13,82;22,3;11;9,18
63;IPB1;13,82;22,3;12;8,86
63;IPB1;13,82;22,3;13;8,48
63;IPB1;13,82;22,3;14;7,85
63;IPB1;13,82;22,3;15;7,17
63;IPB1;13,82;22,3;20;4,55
64;IPB1;18,07;26,3;0,2;18,87
64;IPB1;18,07;26,3;0,7;17,16
64;IPB1;18,07;26,3;1,3;17,1
64;IPB1;18,07;26,3;2;16,88
64;IPB1;18,07;26,3;3;16,35
64;IPB1;18,07;26,3;4;15,64
64;IPB1;18,07;26,3;5;15,2
64;IPB1;18,07;26,3;6;14,97
64;IPB1;18,07;26,3;7;14,21
64;IPB1;18,07;26,3;8;13,97
64;IPB1;18,07;26,3;9;13,25
64;IPB1;18,07;26,3;10;12,82
64;IPB1;18,07;26,3;11;12,32
64;IPB1;18,07;26,3;12;11,66
64;IPB1;18,07;26,3;13;11,2
64;IPB1;18,07;26,3;14;10,7
64;IPB1;18,07;26,3;15;10,03
64;IPB1;18,07;26,3;16;9,44
64;IPB1;18,07;26,3;17;8,76
64;IPB1;18,07;26,3;18;7,85
64;IPB1;18,07;26,3;22;4,53
65;IPB1;16,6;25,6;0,2;16,95
65;IPB1;16,6;25,6;0,7;15,77
65;IPB1;16,6;25,6;1,3;15,62
65;IPB1;16,6;25,6;2;15,22
65;IPB1;16,6;25,6;3;14,83
65;IPB1;16,6;25,6;4;14,09
65;IPB1;16,6;25,6;5;14,09
65;IPB1;16,6;25,6;6;13,59
65;IPB1;16,6;25,6;7;13,09
65;IPB1;16,6;25,6;8;12,58
65;IPB1;16,6;25,6;9;12,29
65;IPB1;16,6;25,6;10;11,78
65;IPB1;16,6;25,6;13;10,41
65;IPB1;16,6;25,6;14;9,85
65;IPB1;16,6;25,6;15;9,21
65;IPB1;16,6;25,6;16;8,64
65;IPB1;16,6;25,6;17;8,14
65;IPB1;16,6;25,6;18;7,6
65;IPB1;16,6;25,6;19;6,95
65;IPB1;16,6;25,6;22;4,59
66;IPB1;21,14;28,7;0,2;20,99
66;IPB1;21,14;28,7;0,7;19,73
66;IPB1;21,14;28,7;1,3;19,4
66;IPB1;21,14;28,7;2;18,88
66;IPB1;21,14;28,7;3;18
66;IPB1;21,14;28,7;4;18,1
66;IPB1;21,14;28,7;5;17,16
66;IPB1;21,14;28,7;6;16,49
66;IPB1;21,14;28,7;7;16,29
66;IPB1;21,14;28,7;8;15,64
66;IPB1;21,14;28,7;9;15,54
66;IPB1;21,14;28,7;10;14,59
66;IPB1;21,14;28,7;11;14,26
66;IPB1;21,14;28,7;12;13,83
66;IPB1;21,14;28,7;13;13,09
66;IPB1;21,14;28,7;14;12,49
66;IPB1;21,14;28,7;15;12,08
66;IPB1;21,14;28,7;16;11,37
66;IPB1;21,14;28,7;17;10,85
66;IPB1;21,14;28,7;18;10,44
66;IPB1;21,14;28,7;19;9,66
66;IPB1;21,14;28,7;20;8,9
66;IPB1;21,14;28,7;21;8,39
66;IPB1;21,14;28,7;23;6,94
66;IPB1;21,14;28,7;26;4,25
67;IPB1;19,88;27,2;0,2;21,13
67;IPB1;19,88;27,2;0,7;19,42
67;IPB1;19,88;27,2;1,3;18,81
67;IPB1;19,88;27,2;2;18,77
67;IPB1;19,88;27,2;3;18,37
67;IPB1;19,88;27,2;4;17,66
67;IPB1;19,88;27,2;5;17,03
67;IPB1;19,88;27,2;6;16,49
67;IPB1;19,88;27,2;7;16,11
67;IPB1;19,88;27,2;8;15,66
67;IPB1;19,88;27,2;9;14,74
67;IPB1;19,88;27,2;10;14,37
67;IPB1;19,88;27,2;11;13,73
67;IPB1;19,88;27,2;12;13,16
67;IPB1;19,88;27,2;13;13,29
67;IPB1;19,88;27,2;14;11,99
67;IPB1;19,88;27,2;15;11,55
67;IPB1;19,88;27,2;16;10,74
67;IPB1;19,88;27,2;17;9,82
67;IPB1;19,88;27,2;18;9,49
67;IPB1;19,88;27,2;20;7,76
67;IPB1;19,88;27,2;23;5,59
68;IPB1;17,97;26,5;0,2;18,59
68;IPB1;17,97;26,5;0,7;16,92
68;IPB1;17,97;26,5;1,3;16,6
68;IPB1;17,97;26,5;2;16,16
68;IPB1;17,97;26,5;3;15,75
68;IPB1;17,97;26,5;4;15,34
68;IPB1;17,97;26,5;5;14,85
68;IPB1;17,97;26,5;6;14,61
68;IPB1;17,97;26,5;7;13,77
68;IPB1;17,97;26,5;8;13,78
68;IPB1;17,97;26,5;9;13,34
68;IPB1;17,97;26,5;10;12,68
68;IPB1;17,97;26,5;11;12,15
68;IPB1;17,97;26,5;12;11,66
68;IPB1;17,97;26,5;13;11,15
68;IPB1;17,97;26,5;14;10,52
68;IPB1;17,97;26,5;15;10,08
68;IPB1;17,97;26,5;16;9,27
68;IPB1;17,97;26,5;17;8,84
68;IPB1;17,97;26,5;18;8,17
68;IPB1;17,97;26,5;19;7,59
68;IPB1;17,97;26,5;23;4,58
69;IPB1;20,99;27;0,2;20,65
69;IPB1;20,99;27;0,7;19,67
69;IPB1;20,99;27;1,3;19,45
69;IPB1;20,99;27;2;18,96
69;IPB1;20,99;27;3;18,18
69;IPB1;20,99;27;4;17,92
69;IPB1;20,99;27;5;17,11
69;IPB1;20,99;27;6;16,43
69;IPB1;20,99;27;7;15,72
69;IPB1;20,99;27;8;15,77
69;IPB1;20,99;27;9;15,05
69;IPB1;20,99;27;10;14,34
69;IPB1;20,99;27;11;13,77
69;IPB1;20,99;27;12;13,22
69;IPB1;20,99;27;13;12,81
69;IPB1;20,99;27;14;12,2
69;IPB1;20,99;27;15;11,68
69;IPB1;20,99;27;16;10,96
69;IPB1;20,99;27;17;10,08
69;IPB1;20,99;27;18;9,15
69;IPB1;20,99;27;19;8,46
69;IPB1;20,99;27;20;7,95
69;IPB1;20,99;27;21;7,01
69;IPB1;20,99;27;23;5,36
70;IPB1;17,06;25,1;0,2;17,35
70;IPB1;17,06;25,1;0,7;16,39
70;IPB1;17,06;25,1;1,3;15,7
70;IPB1;17,06;25,1;2;15,35
70;IPB1;17,06;25,1;3;15,03
70;IPB1;17,06;25,1;4;14,52
70;IPB1;17,06;25,1;5;14,4
70;IPB1;17,06;25,1;6;13,79
70;IPB1;17,06;25,1;7;13,25
70;IPB1;17,06;25,1;8;12,72
70;IPB1;17,06;25,1;9;12,29
70;IPB1;17,06;25,1;10;11,54
70;IPB1;17,06;25,1;11;11,25
70;IPB1;17,06;25,1;12;10,53
70;IPB1;17,06;25,1;13;10,14
70;IPB1;17,06;25,1;14;9,51
70;IPB1;17,06;25,1;15;8,75
70;IPB1;17,06;25,1;16;8,23
70;IPB1;17,06;25,1;17;7,7
70;IPB1;17,06;25,1;19;6,64
70;IPB1;17,06;25,1;22;4,48
71;IPB1;16,04;25,5;0,2;16,29
71;IPB1;16,04;25,5;0,7;15,61
71;IPB1;16,04;25,5;1,3;15,11
71;IPB1;16,04;25,5;2;14,7
71;IPB1;16,04;25,5;3;14,42
71;IPB1;16,04;25,5;4;14,19
71;IPB1;16,04;25,5;5;13,52
71;IPB1;16,04;25,5;6;13,07
71;IPB1;16,04;25,5;7;12,64
71;IPB1;16,04;25,5;8;12,5
71;IPB1;16,04;25,5;9;11,85
71;IPB1;16,04;25,5;10;11,26
71;IPB1;16,04;25,5;11;11,05
71;IPB1;16,04;25,5;12;10,4
71;IPB1;16,04;25,5;13;9,73
71;IPB1;16,04;25,5;14;9,48
71;IPB1;16,04;25,5;15;8,76
71;IPB1;16,04;25,5;16;8,7
71;IPB1;16,04;25,5;17;7,59
71;IPB1;16,04;25,5;18;7,13
71;IPB1;16,04;25,5;22;4,52
72;IPB1;14,81;25,1;0,2;15,31
72;IPB1;14,81;25,1;0,7;14,28
72;IPB1;14,81;25,1;1,3;13,97
72;IPB1;14,81;25,1;2;13,96
72;IPB1;14,81;25,1;3;13,64
72;IPB1;14,81;25,1;4;13,18
72;IPB1;14,81;25,1;5;12,44
72;IPB1;14,81;25,1;6;12,19
72;IPB1;14,81;25,1;7;11,95
72;IPB1;14,81;25,1;8;11,37
72;IPB1;14,81;25,1;9;11,07
72;IPB1;14,81;25,1;10;10,59
72;IPB1;14,81;25,1;11;10,09
72;IPB1;14,81;25,1;12;9,55
72;IPB1;14,81;25,1;13;9,18
72;IPB1;14,81;25,1;14;8,66
72;IPB1;14,81;25,1;15;8,18
72;IPB1;14,81;25,1;16;7,87
72;IPB1;14,81;25,1;17;7,23
72;IPB1;14,81;25,1;21;4,57
73;IPB1;12,24;22,5;0,2;12,71
73;IPB1;12,24;22,5;0,7;11,78
73;IPB1;12,24;22,5;1,3;11,46
73;IPB1;12,24;22,5;2;11,31
73;IPB1;12,24;22,5;3;10,98
73;IPB1;12,24;22,5;4;10,47
73;IPB1;12,24;22,5;5;10,17
73;IPB1;12,24;22,5;6;9,77
73;IPB1;12,24;22,5;7;9,57
73;IPB1;12,24;22,5;8;9,11
73;IPB1;12,24;22,5;9;8,59
73;IPB1;12,24;22,5;10;8
73;IPB1;12,24;22,5;11;7,63
73;IPB1;12,24;22,5;12;7,07
73;IPB1;12,24;22,5;13;6,72
73;IPB1;12,24;22,5;17;4,95
74;IPB1;19,61;24;0,2;19,95
74;IPB1;19,61;24;0,7;18,47
74;IPB1;19,61;24;1,3;18,4
74;IPB1;19,61;24;2;17,97
74;IPB1;19,61;24;3;17,32
74;IPB1;19,61;24;5;17,12
74;IPB1;19,61;24;6;16,5
74;IPB1;19,61;24;7;15,94
74;IPB1;19,61;24;8;15,41
74;IPB1;19,61;24;9;15,28
74;IPB1;19,61;24;10;14,57
74;IPB1;19,61;24;11;14,1
74;IPB1;19,61;24;12;13,44
74;IPB1;19,61;24;13;13,24
74;IPB1;19,61;24;14;12,49
74;IPB1;19,61;24;15;11,88
74;IPB1;19,61;24;16;11,3
74;IPB1;19,61;24;17;10,7
74;IPB1;19,61;24;18;10,01
74;IPB1;19,61;24;19;9,28
74;IPB1;19,61;24;20;8,6
75;IPB1;18,54;26,6;0,2;18,96
75;IPB1;18,54;26,6;0,7;17,75
75;IPB1;18,54;26,6;1,3;17,25
75;IPB1;18,54;26,6;2;17,02
75;IPB1;18,54;26,6;3;16,76
75;IPB1;18,54;26,6;4;16,34
75;IPB1;18,54;26,6;5;15,89
75;IPB1;18,54;26,6;6;15,22
75;IPB1;18,54;26,6;7;14,98
75;IPB1;18,54;26,6;8;14,4
75;IPB1;18,54;26,6;9;14,1
75;IPB1;18,54;26,6;10;13,41
75;IPB1;18,54;26,6;11;12,75
75;IPB1;18,54;26,6;12;12,38
75;IPB1;18,54;26,6;13;11,81
75;IPB1;18,54;26,6;14;11,3
75;IPB1;18,54;26,6;16;10,23
75;IPB1;18,54;26,6;17;9,48
75;IPB1;18,54;26,6;18;8,82
75;IPB1;18,54;26,6;21;6,89
75;IPB1;18,54;26,6;23;5,32
